Year,Country,Solar_Capacity_GW,Wind_Capacity_GW,Hydro_Capacity_GW,Biomass_Capacity_GW,Geothermal_Capacity_GW,Total_Renewable_Capacity_GW,Renewable_Energy_Percentage,CO2_Reduction_Million_Tonnes,Investment_Billion_USD,Employment_Thousand_Jobs
2015,Germany,54.97,38.89,33.24,19.57,7.53,154.2,13.83,582.61,65.35,93.0
2015,Denmark,55.43,36.29,27.67,15.73,4.17,139.29,6.38,75.04,29.74,104.7
2015,Australia,40.92,28.7,37.33,14.32,8.14,129.41,7.88,115.25,52.22,82.7
2015,Brazil,53.76,35.19,28.54,13.19,11.7,142.39,14.93,214.66,66.45,81.7
2015,China,52.09,24.32,23.36,15.59,9.48,124.84,15.86,379.07,43.98,77.8
2015,USA,42.8,36.31,35.29,16.03,4.47,134.91,16.62,357.75,36.46,109.2
2015,Spain,60.31,47.45,25.8,14.07,8.66,156.3,19.88,425.07,46.29,83.4
2015,Japan,38.04,46.5,36.78,14.78,10.01,146.11,16.81,323.44,57.23,123.1
2015,India,49.64,52.52,16.9,17.47,8.17,144.7,13.5,351.39,10.25,96.7
2015,UK,53.57,51.82,27.41,12.57,7.0,152.37,19.58,538.74,39.4,107.7
2016,Germany,92.97,81.35,32.49,17.62,9.62,234.04,11.88,341.48,91.22,124.1
2016,Denmark,93.15,65.08,34.4,17.87,9.0,219.5,18.74,529.2,126.72,128.6
2016,Australia,84.08,64.6,24.91,17.62,9.92,201.13,30.47,732.8,83.03,117.5
2016,Brazil,76.81,79.94,39.26,20.67,8.38,225.07,25.86,436.32,94.74,154.9
2016,China,92.59,77.47,38.0,17.99,7.9,233.95,20.59,355.47,104.47,116.2
2016,USA,98.75,60.33,33.14,20.29,7.44,219.95,19.46,682.63,46.35,121.8
2016,Spain,96.35,81.25,30.07,14.79,11.54,234.0,20.86,559.07,94.43,114.8
2016,Japan,80.32,64.74,30.43,23.0,10.55,209.04,11.84,394.57,54.51,127.8
2016,India,101.84,65.63,40.57,19.69,11.94,239.67,28.51,675.92,69.43,109.7
2016,UK,76.84,67.38,36.71,18.83,11.65,211.42,18.57,682.16,74.71,160.8
2017,Germany,140.26,100.34,36.65,23.65,12.35,313.25,26.97,745.24,120.54,135.3
2017,Denmark,125.85,109.23,47.28,23.44,10.71,316.51,24.97,681.95,110.32,154.3
2017,Australia,113.58,81.26,40.79,22.08,13.77,271.48,26.57,457.57,85.24,143.7
2017,Brazil,132.14,105.72,60.26,23.31,14.67,336.11,27.47,784.46,109.69,155.4
2017,China,147.27,122.11,42.57,24.25,18.63,354.83,16.16,507.03,107.75,152.9
2017,USA,127.39,93.71,34.11,18.55,13.16,286.93,18.0,482.42,107.91,128.2
2017,Spain,158.94,115.07,32.37,23.06,11.68,341.12,28.01,581.43,122.71,157.6
2017,Japan,114.66,75.2,36.33,18.38,9.89,254.45,29.43,796.43,72.78,145.8
2017,India,151.72,112.66,33.9,20.45,15.13,333.87,19.51,554.36,134.49,132.1
2017,UK,119.4,70.07,34.88,20.24,9.5,254.1,30.16,539.53,101.2,142.0
2018,Germany,190.41,129.31,53.82,25.83,13.24,412.61,29.91,777.62,146.0,173.0
2018,Denmark,182.65,150.11,52.81,31.46,13.32,430.35,39.32,690.07,163.96,186.8
2018,Australia,147.31,110.62,42.46,21.62,12.22,334.23,28.7,771.0,117.14,167.5
2018,Brazil,168.57,138.9,49.65,22.41,13.48,393.02,30.29,848.72,148.58,167.8
2018,China,220.28,161.27,55.24,27.89,16.56,481.24,36.24,1029.91,201.27,209.6
2018,USA,149.96,125.26,42.7,24.52,13.44,355.88,25.46,725.77,119.14,188.4
2018,Spain,171.19,135.29,54.54,28.62,16.75,406.39,31.27,779.83,144.55,176.1
2018,Japan,127.23,115.0,41.26,19.72,12.16,315.37,25.46,552.06,105.56,151.7
2018,India,173.2,132.54,44.89,26.05,12.0,388.69,20.04,393.18,149.23,173.7
2018,UK,169.75,130.86,44.2,23.94,11.99,380.75,25.41,591.89,146.45,147.6
2019,Germany,223.19,186.66,53.46,30.61,18.98,512.9,29.79,778.46,194.25,197.5
2019,Denmark,224.27,185.8,58.49,34.95,20.32,523.83,43.97,984.05,223.45,206.8
2019,Australia,197.9,134.33,43.8,24.0,10.95,410.99,24.97,510.41,161.01,177.1
2019,Brazil,222.76,170.8,49.12,25.5,17.78,485.97,23.8,869.69,205.59,181.0
2019,China,242.87,218.83,59.43,36.71,16.81,574.65,33.0,825.86,230.94,213.2
2019,USA,189.23,137.86,48.29,26.76,16.63,418.77,31.86,627.76,133.32,195.2
2019,Spain,228.32,174.01,62.76,30.35,20.36,515.8,32.84,1130.05,235.11,196.3
2019,Japan,171.72,134.76,52.84,21.71,15.77,396.8,31.49,523.49,122.33,133.4
2019,India,208.31,174.54,60.51,29.02,20.46,492.84,24.2,349.48,186.89,197.8
2019,UK,189.67,135.46,49.55,23.09,17.34,415.11,30.83,629.84,159.72,164.1
2020,Germany,259.37,215.64,55.07,34.51,18.94,583.54,32.04,784.84,209.3,211.7
2020,Denmark,265.52,237.72,62.68,32.4,21.43,619.74,37.19,896.56,257.28,241.4
2020,Australia,202.19,161.39,51.12,21.59,13.97,450.28,37.58,1186.35,180.02,198.6
2020,Brazil,245.61,218.63,63.1,31.12,17.09,575.55,26.22,685.96,199.87,188.7
2020,China,306.03,241.35,75.94,40.14,22.98,686.45,48.65,1227.85,257.77,272.8
2020,USA,221.64,164.7,52.8,26.62,14.73,480.5,36.26,1192.81,164.53,203.4
2020,Spain,262.24,211.1,58.29,31.16,20.6,583.39,32.72,858.57,236.5,221.4
2020,Japan,180.92,147.39,53.78,28.5,14.04,424.63,29.5,850.12,136.61,188.2
2020,India,244.62,205.56,54.93,26.84,16.24,548.2,35.37,923.09,204.41,224.6
2020,UK,208.38,179.47,48.94,28.04,18.09,482.94,28.2,647.26,220.13,191.3
2021,Germany,310.36,232.56,68.65,40.92,17.46,669.95,36.22,991.95,261.94,249.6
2021,Denmark,316.96,259.09,68.22,41.9,24.11,710.29,43.99,1037.92,274.25,249.5
2021,Australia,242.94,187.83,58.45,37.43,20.54,547.19,32.27,986.93,203.84,177.4
2021,Brazil,270.92,209.83,61.24,34.86,24.55,601.4,39.73,960.5,264.59,198.8
2021,China,367.36,298.17,67.61,45.43,26.68,805.24,44.42,1205.51,365.41,282.7
2021,USA,251.98,195.93,54.25,34.59,17.69,554.44,35.31,811.05,230.58,219.0
2021,Spain,322.88,245.92,66.15,34.56,22.11,691.62,43.14,1191.96,256.56,263.0
2021,Japan,231.56,177.71,63.38,27.08,15.11,514.84,22.91,797.07,207.09,195.2
2021,India,294.3,224.2,76.73,36.09,22.02,653.33,42.78,1141.62,261.48,226.1
2021,UK,264.71,223.06,66.73,37.78,18.98,611.26,31.05,757.43,231.11,236.4
2022,Germany,327.08,287.44,71.21,38.92,22.78,747.42,36.13,1026.62,303.47,248.7
2022,Denmark,355.55,292.11,83.85,41.52,23.19,796.22,45.62,1099.62,269.06,281.2
2022,Australia,268.19,221.97,70.74,37.28,20.06,618.25,31.52,1173.94,240.18,226.2
2022,Brazil,319.26,257.18,67.78,36.38,22.31,702.91,41.79,963.14,266.74,255.6
2022,China,414.95,346.03,69.25,49.77,31.49,911.49,41.38,983.17,357.57,288.9
2022,USA,274.97,217.32,72.01,37.76,23.84,625.9,41.88,877.73,239.01,240.3
2022,Spain,344.03,290.7,72.55,40.13,26.92,774.33,47.85,1142.01,335.69,258.8
2022,Japan,252.16,201.54,56.45,32.78,16.7,559.63,39.22,952.77,207.55,227.7
2022,India,324.71,254.13,62.47,40.97,21.54,703.81,51.95,986.43,325.43,264.2
2022,UK,294.03,231.64,67.0,35.89,24.21,652.76,40.07,1024.32,252.73,239.1
2023,Germany,389.08,295.12,71.26,46.03,27.54,829.03,47.68,1194.77,344.95,283.9
2023,Denmark,406.22,332.77,77.11,47.42,25.39,888.91,56.55,1484.53,367.12,322.7
2023,Australia,318.65,249.71,56.8,32.76,21.15,679.08,40.33,1085.91,251.49,246.8
2023,Brazil,350.45,281.51,66.97,38.63,22.9,760.45,40.92,1181.06,295.01,315.5
2023,China,474.93,377.48,85.71,53.1,30.85,1022.07,57.61,1824.26,408.08,357.2
2023,USA,308.97,252.52,76.85,35.92,26.82,701.09,45.14,1044.1,290.65,266.6
2023,Spain,406.22,307.44,76.36,44.26,27.85,862.13,53.1,1354.24,323.29,305.7
2023,Japan,280.11,223.68,67.4,36.7,21.72,629.61,37.05,677.09,250.59,231.1
2023,India,374.72,287.39,70.59,45.76,26.32,804.78,50.61,1269.44,326.6,298.1
2023,UK,324.84,264.77,67.69,37.7,23.38,718.38,44.11,1030.95,315.12,246.6
2024,Germany,426.13,338.88,91.23,47.99,31.66,935.9,45.37,1174.36,391.79,317.2
2024,Denmark,470.15,363.46,95.55,57.0,30.67,1016.83,53.72,1561.07,432.59,326.2
2024,Australia,329.3,264.55,63.78,36.54,22.19,716.36,39.51,982.57,297.68,285.3
2024,Brazil,386.52,325.07,78.43,44.55,29.15,863.72,44.04,1158.27,350.33,305.4
2024,China,525.39,437.64,94.31,53.91,33.75,1145.01,59.47,1391.21,478.78,391.3
2024,USA,343.54,272.74,75.11,38.99,26.37,756.75,45.94,921.13,337.45,297.9
2024,Spain,437.62,351.9,87.68,49.75,31.82,958.77,64.43,1584.11,371.53,304.3
2024,Japan,294.69,241.33,74.97,35.05,22.85,668.89,40.12,1181.21,316.54,236.0
2024,India,407.36,338.15,85.16,51.59,29.87,912.13,49.43,1324.31,382.67,319.3
2024,UK,370.07,300.53,80.85,46.15,27.3,824.9,45.66,1163.62,344.13,267.7
2025,Germany,473.69,372.85,90.14,54.84,32.38,1023.9,57.23,1226.83,424.93,349.7
2025,Denmark,526.63,401.54,96.1,54.75,37.15,1116.17,60.02,1542.44,452.16,362.8
2025,Australia,360.54,293.55,80.37,38.92,26.27,799.64,43.0,1254.24,289.54,271.6
2025,Brazil,438.77,360.52,84.67,46.33,33.76,964.06,46.26,826.68,388.8,312.5
2025,China,564.79,465.67,106.22,58.31,35.44,1230.42,71.86,1894.09,498.02,427.7
2025,USA,371.8,293.8,74.04,43.36,27.49,810.49,47.04,1228.9,309.97,311.7
2025,Spain,486.68,398.94,94.21,53.87,34.14,1067.84,60.99,1621.12,451.58,352.9
2025,Japan,337.09,263.28,77.2,36.97,27.6,742.15,42.8,855.36,292.56,249.8
2025,India,460.91,356.78,85.27,43.83,30.1,976.88,43.13,840.68,410.21,341.8
2025,UK,404.25,312.26,79.76,44.99,25.68,866.95,57.52,1569.53,345.58,300.4
